"Drugs","MECHANISM_OF_ACTION","TARGET_NAME"
"acebutolol","Beta-1 adrenergic receptor antagonist","Beta-1 adrenergic receptor"
"acetazolamide","Carbonic anhydrase II inhibitor","Carbonic anhydrase II"
"acetazolamide","Carbonic anhydrase I inhibitor","Carbonic anhydrase I"
"acetazolamide","Carbonic anhydrase IV inhibitor","Carbonic anhydrase IV"
"acetazolamide","Carbonic anhydrase XII inhibitor","Carbonic anhydrase XII"
"acetohexamide","Sulfonylurea receptor 1, Kir6.2 blocker","Sulfonylurea receptor 1, Kir6.2"
"albendazole","Tubulin inhibitor","Tubulin"
"alclometasone","Glucocorticoid receptor agonist","Glucocorticoid receptor"
"alfuzosin","Adrenergic receptor alpha-1 agonist","Adrenergic receptor alpha-1"
"alprostadil","Prostanoid EP1 receptor agonist","Prostanoid EP1 receptor"
"alprostadil","Prostanoid EP2 receptor agonist","Prostanoid EP2 receptor"
"altretamine","DNA inhibitor","DNA"
"amantadine","Glutamate [NMDA] receptor antagonist","Glutamate [NMDA] receptor"
"amantadine","Matrix protein 2 inhibitor","Matrix protein 2"
"amikacin","Bacterial 70S ribosome inhibitor","Bacterial 70S ribosome"
"amiloride","Amiloride-sensitive sodium channel, ENaC blocker","Amiloride-sensitive sodium channel, ENaC"
"aminoglutethimide","Cytochrome P450 19A1 inhibitor","Cytochrome P450 19A1"
"aminoglutethimide","Cytochrome P450 11A1 inhibitor","Cytochrome P450 11A1"
"amiodarone","HERG blocker","HERG"
"amitriptyline","Serotonin transporter inhibitor","Serotonin transporter"
"amitriptyline","Norepinephrine transporter inhibitor","Norepinephrine transporter"
"amodiaquine","Ferriprotoporphyrin IX inhibitor","Ferriprotoporphyrin IX"
"amoxapine","Norepinephrine transporter inhibitor","Norepinephrine transporter"
"amoxapine","Dopamine receptor antagonist","Dopamine receptor"
"amoxapine","Serotonin transporter inhibitor","Serotonin transporter"
"amoxicillin","Bacterial penicillin-binding protein inhibitor","Bacterial penicillin-binding protein"
"ampicillin","Bacterial penicillin-binding protein inhibitor","Bacterial penicillin-binding protein"
"antazoline","Histamine H1 receptor antagonist","Histamine H1 receptor"
"apomorphine","D2-like dopamine receptor agonist","D2-like dopamine receptor"
"articaine","Sodium channel alpha subunit blocker","Sodium channel alpha subunit"
"astemizole","Histamine H1 receptor antagonist","Histamine H1 receptor"
"atovaquone","Cytochrome b inhibitor","Cytochrome b"
"atropine","Muscarinic acetylcholine receptor M3 antagonist","Muscarinic acetylcholine receptor M3"
"atropine","Muscarinic acetylcholine receptor M1 antagonist","Muscarinic acetylcholine receptor M1"
"atropine","Muscarinic acetylcholine receptor M2 antagonist","Muscarinic acetylcholine receptor M2"
"azacitidine","RNA inhibitor","RNA"
"azacitidine","DNA (cytosine-5)-methyltransferase 3A inhibitor","DNA (cytosine-5)-methyltransferase 3A"
"azacitidine","DNA (cytosine-5)-methyltransferase 1 inhibitor","DNA (cytosine-5)-methyltransferase 1"
"azacitidine","DNA inhibitor","DNA"
"azathioprine","DNA inhibitor","DNA"
"azathioprine","Amidophosphoribosyltransferase inhibitor","Amidophosphoribosyltransferase"
"azlocillin","Penicillin-binding protein inhibitor","Penicillin-binding protein"
"aztreonam","Bacterial penicillin-binding protein inhibitor","Bacterial penicillin-binding protein"
"bacampicillin","Bacterial penicillin-binding protein inhibitor","Bacterial penicillin-binding protein"
"bacitracin","C55-isoprenyl pyrophosphate inhibitor","C55-isoprenyl pyrophosphate"
"baclofen","GABA-B receptor agonist","GABA-B receptor"
"bendroflumethiazide","Thiazide-sensitive sodium-chloride cotransporter inhibitor","Thiazide-sensitive sodium-chloride cotransporter"
"benzonatate","Slowly adapting pulmonary stretch receptor inhibitor","Slowly adapting pulmonary stretch receptor"
"benzthiazide","Thiazide-sensitive sodium-chloride cotransporter inhibitor","Thiazide-sensitive sodium-chloride cotransporter"
"benzylpenicillin","Bacterial penicillin-binding protein inhibitor","Bacterial penicillin-binding protein"
"bepridil","Voltage-gated calcium channel blocker","Voltage-gated calcium channel"
"betamethasone","Glucocorticoid receptor agonist","Glucocorticoid receptor"
"betaxolol","Beta-1 adrenergic receptor antagonist","Beta-1 adrenergic receptor"
"betazole","Histamine H2 receptor agonist","Histamine H2 receptor"
"bethanechol","Muscarinic acetylcholine receptor M2 agonist","Muscarinic acetylcholine receptor M2"
"bethanechol","Muscarinic acetylcholine receptor M3 agonist","Muscarinic acetylcholine receptor M3"
"biperiden","Muscarinic acetylcholine receptor M1 antagonist","Muscarinic acetylcholine receptor M1"
"bisoprolol","Beta-1 adrenergic receptor antagonist","Beta-1 adrenergic receptor"
"brinzolamide","Carbonic anhydrase II inhibitor","Carbonic anhydrase II"
"bromocriptine","D2-like dopamine receptor agonist","D2-like dopamine receptor"
"brompheniramine","Histamine H1 receptor antagonist","Histamine H1 receptor"
"budesonide","Glucocorticoid receptor agonist","Glucocorticoid receptor"
"bumetanide","Sodium-(potassium)-chloride cotransporter 2 inhibitor","Sodium-(potassium)-chloride cotransporter 2"
"bupivacaine","Sodium channel protein type IV alpha subunit blocker","Sodium channel protein type IV alpha subunit"
"bupropion","Norepinephrine transporter inhibitor","Norepinephrine transporter"
"bupropion","Dopamine transporter inhibitor","Dopamine transporter"
"buspirone","Serotonin 1a (5-HT1a) receptor partial agonist","Serotonin 1a (5-HT1a) receptor"
"butoconazole","Cytochrome P450 51 inhibitor","Cytochrome P450 51"
"capsaicin","Vanilloid receptor opener","Vanilloid receptor"
"captopril","Angiotensin-converting enzyme inhibitor","Angiotensin-converting enzyme"
"carbachol","Muscarinic acetylcholine receptor M3 agonist","Muscarinic acetylcholine receptor M3"
"carbamazepine","Sodium channel alpha subunit blocker","Sodium channel alpha subunit"
"carbinoxamine","Histamine H1 receptor antagonist","Histamine H1 receptor"
"carmustine","Glutathione reductase inhibitor","Glutathione reductase"
"carmustine","DNA inhibitor","DNA"
"carmustine","RNA inhibitor","RNA"
"carteolol","Adrenergic receptor beta antagonist","Adrenergic receptor beta"
"cefaclor","Bacterial penicillin-binding protein inhibitor","Bacterial penicillin-binding protein"
"cefadroxil","Bacterial penicillin-binding protein inhibitor","Bacterial penicillin-binding protein"
"cefamandole","Bacterial penicillin-binding protein inhibitor","Bacterial penicillin-binding protein"
"cefazolin","Bacterial penicillin-binding protein inhibitor","Bacterial penicillin-binding protein"
"cefepime","Bacterial penicillin-binding protein inhibitor","Bacterial penicillin-binding protein"
"cefixime","Bacterial penicillin-binding protein inhibitor","Bacterial penicillin-binding protein"
"cefmetazole","Bacterial penicillin-binding protein inhibitor","Bacterial penicillin-binding protein"
"cefoperazone","Bacterial penicillin-binding protein inhibitor","Bacterial penicillin-binding protein"
"ceforanide","Bacterial penicillin-binding protein inhibitor","Bacterial penicillin-binding protein"
"cefotaxime","Bacterial penicillin-binding protein inhibitor","Bacterial penicillin-binding protein"
"cefotetan","Bacterial penicillin-binding protein inhibitor","Bacterial penicillin-binding protein"
"cefotiam","Bacterial penicillin-binding protein inhibitor","Bacterial penicillin-binding protein"
"cefoxitin","Bacterial penicillin-binding protein inhibitor","Bacterial penicillin-binding protein"
"ceftazidime","Bacterial penicillin-binding protein inhibitor","Bacterial penicillin-binding protein"
"cefuroxime","Bacterial penicillin-binding protein inhibitor","Bacterial penicillin-binding protein"
"celecoxib","Cyclooxygenase-2 inhibitor","Cyclooxygenase-2"
"cetirizine","Histamine H1 receptor antagonist","Histamine H1 receptor"
"chlorambucil","DNA inhibitor","DNA"
"chloramphenicol","Bacterial 70S ribosome inhibitor","Bacterial 70S ribosome"
"chlorhexidine","Cell membrane inhibitor","Cell membrane"
"chloroquine","Ferriprotoporphyrin IX inhibitor","Ferriprotoporphyrin IX"
"chlorpromazine","D2-like dopamine receptor antagonist","D2-like dopamine receptor"
"chlorpromazine","Serotonin 2a (5-HT2a) receptor antagonist","Serotonin 2a (5-HT2a) receptor"
"chlorpropamide","Sulfonylurea receptor 1, Kir6.2 blocker","Sulfonylurea receptor 1, Kir6.2"
"chlorprothixene","Serotonin 2a (5-HT2a) receptor antagonist","Serotonin 2a (5-HT2a) receptor"
"chlorprothixene","Dopamine D2 receptor antagonist","Dopamine D2 receptor"
"chlorprothixene","Serotonin 2c (5-HT2c) receptor antagonist","Serotonin 2c (5-HT2c) receptor"
"chlorprothixene","Dopamine D3 receptor antagonist","Dopamine D3 receptor"
"chlortetracycline","Bacterial 70S ribosome inhibitor","Bacterial 70S ribosome"
"chlorzoxazone","Intermediate conductance calcium-activated potassium channel protein 4 opener","Intermediate conductance calcium-activated potassium channel protein 4"
"ciclopirox","Aluminium chelating agent","Aluminium"
"ciclopirox","Iron chelating agent","Iron"
"cimetidine","Histamine H2 receptor antagonist","Histamine H2 receptor"
"cinoxacin","Bacterial DNA gyrase inhibitor","Bacterial DNA gyrase"
"ciprofloxacin","Bacterial DNA gyrase inhibitor","Bacterial DNA gyrase"
"cisapride","Serotonin 4 (5-HT4) receptor agonist","Serotonin 4 (5-HT4) receptor"
"citalopram","Serotonin transporter inhibitor","Serotonin transporter"
"clemastine","Histamine H1 receptor antagonist","Histamine H1 receptor"
"clindamycin","Bacterial 70S ribosome inhibitor","Bacterial 70S ribosome"
"clioquinol","Iron chelating agent","Iron"
"clioquinol","Copper chelating agent","Copper"
"clioquinol","Zinc chelating agent","Zinc"
"clobetasol","Glucocorticoid receptor agonist","Glucocorticoid receptor"
"clofazimine","DNA inhibitor","DNA"
"clofibrate","Peroxisome proliferator-activated receptor alpha agonist","Peroxisome proliferator-activated receptor alpha"
"clomipramine","Serotonin transporter inhibitor","Serotonin transporter"
"clonidine","Adrenergic receptor alpha-2 agonist","Adrenergic receptor alpha-2"
"clotrimazole","Cytochrome P450 51 inhibitor","Cytochrome P450 51"
"cloxacillin","Penicillin-binding protein inhibitor","Penicillin-binding protein"
"clozapine","Dopamine D2 receptor antagonist","Dopamine D2 receptor"
"clozapine","Serotonin 2a (5-HT2a) receptor antagonist","Serotonin 2a (5-HT2a) receptor"
"colchicine","Tubulin inhibitor","Tubulin"
"colistin","Cell outer membrane inhibitor","Cell outer membrane"
"cortisone","Glucocorticoid receptor agonist","Glucocorticoid receptor"
"cyclizine","Histamine H1 receptor antagonist","Histamine H1 receptor"
"cyclobenzaprine","Serotonin 2c (5-HT2c) receptor antagonist","Serotonin 2c (5-HT2c) receptor"
"cyclobenzaprine","Serotonin 2a (5-HT2a) receptor antagonist","Serotonin 2a (5-HT2a) receptor"
"cyclopentolate","Muscarinic acetylcholine receptor M3 antagonist","Muscarinic acetylcholine receptor M3"
"cycloserine","D-alanylalanine synthetase inhibitor","D-alanylalanine synthetase"
"cycloserine","Alanine racemase inhibitor","Alanine racemase"
"cyproheptadine","Histamine H1 receptor antagonist","Histamine H1 receptor"
"dacarbazine","DNA inhibitor","DNA"
"danazol","Progesterone receptor agonist","Progesterone receptor"
"danazol","Androgen Receptor agonist","Androgen Receptor"
"dantrolene","Ryanodine receptor 3 antagonist","Ryanodine receptor 3"
"dantrolene","Ryanodine receptor 1 antagonist","Ryanodine receptor 1"
"dapsone","Dihydropteroate synthase 1 inhibitor","Dihydropteroate synthase 1"
"daunorubicin","DNA inhibitor","DNA"
"daunorubicin","DNA topoisomerase II alpha inhibitor","DNA topoisomerase II alpha"
"decitabine","DNA inhibitor","DNA"
"decitabine","DNA (cytosine-5)-methyltransferase 3A inhibitor","DNA (cytosine-5)-methyltransferase 3A"
"decitabine","DNA (cytosine-5)-methyltransferase 1 inhibitor","DNA (cytosine-5)-methyltransferase 1"
"deferoxamine","Iron chelating agent","Iron"
"demeclocycline","Bacterial 70S ribosome inhibitor","Bacterial 70S ribosome"
"desipramine","Norepinephrine transporter inhibitor","Norepinephrine transporter"
"dexamethasone","Glucocorticoid receptor agonist","Glucocorticoid receptor"
"dextromethorphan","Sigma opioid receptor agonist","Sigma opioid receptor"
"dextromethorphan","Glutamate [NMDA] receptor subunit epsilon 1 antagonist","Glutamate [NMDA] receptor subunit epsilon 1"
"diazoxide","Potassium channel, inwardly rectifying, subfamily J, member 8 opener","Potassium channel, inwardly rectifying, subfamily J, member 8"
"diazoxide","Potassium channel, inwardly rectifying, subfamily J, member 11 opener","Potassium channel, inwardly rectifying, subfamily J, member 11"
"diclofenac","Cyclooxygenase inhibitor","Cyclooxygenase"
"dicloxacillin","Penicillin-binding protein inhibitor","Penicillin-binding protein"
"dienestrol","Estrogen receptor alpha agonist","Estrogen receptor alpha"
"diethylcarbamazine","Nematode GABA-A receptor positive modulator","Nematode GABA-A receptor"
"diethylstilbestrol","Estrogen receptor alpha agonist","Estrogen receptor alpha"
"diethylstilbestrol","Estrogen receptor agonist","Estrogen receptor"
"diflorasone","Glucocorticoid receptor agonist","Glucocorticoid receptor"
"diflunisal","Cyclooxygenase inhibitor","Cyclooxygenase"
"digoxin","Sodium/potassium-transporting ATPase inhibitor","Sodium/potassium-transporting ATPase"
"dihydroergotamine","Serotonin 1d (5-HT1d) receptor agonist","Serotonin 1d (5-HT1d) receptor"
"diltiazem","Voltage-gated L-type calcium channel blocker","Voltage-gated L-type calcium channel"
"dimenhydrinate","Histamine H1 receptor antagonist","Histamine H1 receptor"
"dinoprost","Prostanoid FP receptor agonist","Prostanoid FP receptor"
"dinoprostone","Prostaglandin E2 receptor agonist","Prostaglandin E2 receptor"
"diphenhydramine","Histamine H1 receptor antagonist","Histamine H1 receptor"
"diphenylpyraline","Histamine H1 receptor antagonist","Histamine H1 receptor"
"dipyridamole","Equilibrative nucleoside transporter 1 inhibitor","Equilibrative nucleoside transporter 1"
"dipyridamole","3',5'-cyclic phosphodiesterase inhibitor","3',5'-cyclic phosphodiesterase"
"dirithromycin","Bacterial 70S ribosome inhibitor","Bacterial 70S ribosome"
"disopyramide","Sodium channel alpha subunit blocker","Sodium channel alpha subunit"
"disulfiram","Aldehyde dehydrogenase inhibitor","Aldehyde dehydrogenase"
"dobutamine","Beta-1 adrenergic receptor agonist","Beta-1 adrenergic receptor"
"dobutamine","Beta-2 adrenergic receptor agonist","Beta-2 adrenergic receptor"
"dopamine","Beta-1 adrenergic receptor agonist","Beta-1 adrenergic receptor"
"dorzolamide","Carbonic anhydrase II inhibitor","Carbonic anhydrase II"
"doxazosin","Adrenergic receptor alpha-1 antagonist","Adrenergic receptor alpha-1"
"doxepin","Norepinephrine transporter inhibitor","Norepinephrine transporter"
"doxorubicin","DNA inhibitor","DNA"
"doxorubicin","DNA topoisomerase II alpha inhibitor","DNA topoisomerase II alpha"
"doxorubicin","Gonadotropin-releasing hormone receptor agonist","Gonadotropin-releasing hormone receptor"
"doxycycline","Matrix metalloproteinase-1 inhibitor","Matrix metalloproteinase-1"
"doxycycline","Matrix metalloproteinase 13 inhibitor","Matrix metalloproteinase 13"
"doxycycline","Matrix metalloproteinase 7 inhibitor","Matrix metalloproteinase 7"
"doxycycline","Matrix metalloproteinase 8 inhibitor","Matrix metalloproteinase 8"
"doxylamine","Histamine H1 receptor antagonist","Histamine H1 receptor"
"droperidol","Serotonin 2a (5-HT2a) receptor antagonist","Serotonin 2a (5-HT2a) receptor"
"droperidol","D2-like dopamine receptor antagonist","D2-like dopamine receptor"
"dyclonine","Sodium channel alpha subunit blocker","Sodium channel alpha subunit"
"dydrogesterone","Progesterone receptor agonist","Progesterone receptor"
"econazole","Cytochrome P450 51 inhibitor","Cytochrome P450 51"
"enalapril","Angiotensin-converting enzyme inhibitor","Angiotensin-converting enzyme"
"enoxacin","DNA gyrase inhibitor","DNA gyrase"
"enoxacin","Topoisomerase IV inhibitor","Topoisomerase IV"
"ergocalciferol","Vitamin D receptor agonist","Vitamin D receptor"
"erythromycin","Bacterial 70S ribosome inhibitor","Bacterial 70S ribosome"
"estradiol","Estrogen receptor alpha agonist","Estrogen receptor alpha"
"estrone","Estrogen receptor alpha agonist","Estrogen receptor alpha"
"ethambutol","Arabinosyltransferase A inhibitor","Arabinosyltransferase A"
"ethionamide","Enoyl-[acyl-carrier-protein] reductase inhibitor","Enoyl-[acyl-carrier-protein] reductase"
"ethosuximide","Voltage-gated T-type calcium channel blocker","Voltage-gated T-type calcium channel"
"ethotoin","Sodium channel alpha subunit blocker","Sodium channel alpha subunit"
"etodolac","Cyclooxygenase-2 inhibitor","Cyclooxygenase-2"
"etomidate","GABA-A receptor; anion channel positive modulator","GABA-A receptor; anion channel"
"etoposide","DNA topoisomerase II inhibitor","DNA topoisomerase II"
"etoposide","DNA topoisomerase II alpha inhibitor","DNA topoisomerase II alpha"
"exemestane","Cytochrome P450 19A1 inhibitor","Cytochrome P450 19A1"
"famotidine","Histamine H2 receptor antagonist","Histamine H2 receptor"
"felodipine","Mineralocorticoid receptor antagonist","Mineralocorticoid receptor"
"felodipine","Voltage-gated L-type calcium channel blocker","Voltage-gated L-type calcium channel"
"fenofibrate","Peroxisome proliferator-activated receptor alpha agonist","Peroxisome proliferator-activated receptor alpha"
"fenoprofen","Cyclooxygenase inhibitor","Cyclooxygenase"
"finasteride","Steroid 5-alpha-reductase 2 inhibitor","Steroid 5-alpha-reductase 2"
"flavoxate","Phosphodiesterase 7 inhibitor","Phosphodiesterase 7"
"flavoxate","Phosphodiesterase 8 inhibitor","Phosphodiesterase 8"
"flavoxate","Phosphodiesterase 4 inhibitor","Phosphodiesterase 4"
"flecainide","Sodium channel protein type V alpha subunit blocker","Sodium channel protein type V alpha subunit"
"flucytosine","Thymidylate synthase inhibitor","Thymidylate synthase"
"fludrocortisone","Mineralocorticoid receptor agonist","Mineralocorticoid receptor"
"flunisolide","Glucocorticoid receptor agonist","Glucocorticoid receptor"
"fluocinonide","Glucocorticoid receptor agonist","Glucocorticoid receptor"
"fluorometholone","Glucocorticoid receptor agonist","Glucocorticoid receptor"
"fluoxetine","Serotonin transporter inhibitor","Serotonin transporter"
"fluphenazine","Dopamine D2 receptor antagonist","Dopamine D2 receptor"
"flurbiprofen","Cyclooxygenase inhibitor","Cyclooxygenase"
"flutamide","Androgen Receptor antagonist","Androgen Receptor"
"fluticasone","Glucocorticoid receptor agonist","Glucocorticoid receptor"
"fluvastatin","HMG-CoA reductase inhibitor","HMG-CoA reductase"
"fluvoxamine","Serotonin transporter inhibitor","Serotonin transporter"
"fulvestrant","Estrogen receptor antagonist","Estrogen receptor"
"furazolidone","DNA inhibitor","DNA"
"furosemide","Sodium-(potassium)-chloride cotransporter 2 inhibitor","Sodium-(potassium)-chloride cotransporter 2"
"gabapentin","Voltage-gated calcium channel modulator","Voltage-gated calcium channel"
"galantamine","Acetylcholinesterase inhibitor","Acetylcholinesterase"
"ganciclovir","Human herpesvirus 1 DNA polymerase inhibitor","Human herpesvirus 1 DNA polymerase"
"gefitinib","Epidermal growth factor receptor erbB1 inhibitor","Epidermal growth factor receptor erbB1"
"gemfibrozil","Peroxisome proliferator-activated receptor alpha agonist","Peroxisome proliferator-activated receptor alpha"
"gentamicin","Bacterial 70S ribosome inhibitor","Bacterial 70S ribosome"
"glimepiride","Sulfonylurea receptor 1, Kir6.2 blocker","Sulfonylurea receptor 1, Kir6.2"
"glipizide","Sulfonylurea receptor 1, Kir6.2 blocker","Sulfonylurea receptor 1, Kir6.2"
"griseofulvin","Tubulin inhibitor","Tubulin"
"guanabenz","Adrenergic receptor alpha-2 agonist","Adrenergic receptor alpha-2"
"guanadrel","Norepinephrine transporter substrate","Norepinephrine transporter"
"guanethidine","Norepinephrine transporter substrate","Norepinephrine transporter"
"guanfacine","Adrenergic receptor alpha-2 agonist","Adrenergic receptor alpha-2"
"halcinonide","Glucocorticoid receptor agonist","Glucocorticoid receptor"
"halofantrine","Ferriprotoporphyrin IX inhibitor","Ferriprotoporphyrin IX"
"haloperidol","Serotonin 2a (5-HT2a) receptor antagonist","Serotonin 2a (5-HT2a) receptor"
"haloperidol","D2-like dopamine receptor inverse agonist","D2-like dopamine receptor"
"hexylcaine","Sodium channel alpha subunit blocker","Sodium channel alpha subunit"
"hydrochlorothiazide","Thiazide-sensitive sodium-chloride cotransporter inhibitor","Thiazide-sensitive sodium-chloride cotransporter"
"hydrocortisone","Glucocorticoid receptor agonist","Glucocorticoid receptor"
"hydroflumethiazide","Thiazide-sensitive sodium-chloride cotransporter inhibitor","Thiazide-sensitive sodium-chloride cotransporter"
"hydroxyzine","Histamine H1 receptor antagonist","Histamine H1 receptor"
"idoxuridine","DNA inhibitor","DNA"
"ifosfamide","DNA inhibitor","DNA"
"iloprost","Prostanoid IP receptor agonist","Prostanoid IP receptor"
"imatinib","Stem cell growth factor receptor inhibitor","Stem cell growth factor receptor"
"imatinib","Platelet-derived growth factor receptor beta inhibitor","Platelet-derived growth factor receptor beta"
"imatinib","Tyrosine-protein kinase ABL inhibitor","Tyrosine-protein kinase ABL"
"imipenem","Bacterial penicillin-binding protein inhibitor","Bacterial penicillin-binding protein"
"imipramine","Serotonin transporter inhibitor","Serotonin transporter"
"imipramine","Norepinephrine transporter inhibitor","Norepinephrine transporter"
"indapamide","Thiazide-sensitive sodium-chloride cotransporter inhibitor","Thiazide-sensitive sodium-chloride cotransporter"
"irinotecan","DNA topoisomerase I inhibitor","DNA topoisomerase I"
"isocarboxazid","Monoamine oxidase inhibitor","Monoamine oxidase"
"isoniazid","Enoyl-[acyl-carrier-protein] reductase inhibitor","Enoyl-[acyl-carrier-protein] reductase"
"isosorbide","Soluble guanylate cyclase activator","Soluble guanylate cyclase"
"isotretinoin","Retinoic acid receptor agonist","Retinoic acid receptor"
"isradipine","Voltage-gated L-type calcium channel blocker","Voltage-gated L-type calcium channel"
"ivermectin","Glutamate-gated chloride channel modulator","Glutamate-gated chloride channel"
"kanamycin","Bacterial 70S ribosome inhibitor","Bacterial 70S ribosome"
"ketoconazole","Cytochrome P450 51 inhibitor","Cytochrome P450 51"
"ketoprofen","Cyclooxygenase inhibitor","Cyclooxygenase"
"ketorolac","Cyclooxygenase inhibitor","Cyclooxygenase"
"ketotifen","Histamine H1 receptor antagonist","Histamine H1 receptor"
"labetalol","Adrenergic receptor antagonist","Adrenergic receptor"
"lansoprazole","Potassium-transporting ATPase inhibitor","Potassium-transporting ATPase"
"leflunomide","Dihydroorotate dehydrogenase inhibitor","Dihydroorotate dehydrogenase"
"letrozole","Cytochrome P450 19A1 inhibitor","Cytochrome P450 19A1"
"levamisole","Nicotinic acetylcholine receptor alpha subunit agonist","Nicotinic acetylcholine receptor alpha subunit"
"levobunolol","Beta-2 adrenergic receptor antagonist","Beta-2 adrenergic receptor"
"levobunolol","Beta-1 adrenergic receptor antagonist","Beta-1 adrenergic receptor"
"levocabastine","Histamine H1 receptor antagonist","Histamine H1 receptor"
"levodopa","Dopamine D3 receptor agonist","Dopamine D3 receptor"
"levomepromazine","D2-like dopamine receptor antagonist","D2-like dopamine receptor"
"levonorgestrel","Progesterone receptor agonist","Progesterone receptor"
"lidocaine","Sodium channel alpha subunit blocker","Sodium channel alpha subunit"
"lincomycin","70S ribosome inhibitor","70S ribosome"
"liothyronine","Thyroid hormone receptor agonist","Thyroid hormone receptor"
"lisinopril","Angiotensin-converting enzyme inhibitor","Angiotensin-converting enzyme"
"lomefloxacin","Bacterial DNA gyrase inhibitor","Bacterial DNA gyrase"
"lomustine","DNA inhibitor","DNA"
"loperamide","Mu opioid receptor agonist","Mu opioid receptor"
"loracarbef","Bacterial penicillin-binding protein inhibitor","Bacterial penicillin-binding protein"
"lovastatin","HMG-CoA reductase inhibitor","HMG-CoA reductase"
"loxapine","Serotonin 2a (5-HT2a) receptor antagonist","Serotonin 2a (5-HT2a) receptor"
"loxapine","Serotonin 2c (5-HT2c) receptor antagonist","Serotonin 2c (5-HT2c) receptor"
"loxapine","D2-like dopamine receptor antagonist","D2-like dopamine receptor"
"mafenide","Bacterial dihydropteroate synthase inhibitor","Bacterial dihydropteroate synthase"
"maprotiline","Norepinephrine transporter inhibitor","Norepinephrine transporter"
"mebendazole","Tubulin inhibitor","Tubulin"
"mecamylamine","Neuronal acetylcholine receptor; alpha3/beta4 negative allosteric modulator","Neuronal acetylcholine receptor; alpha3/beta4"
"meclocycline","Bacterial 70S ribosome inhibitor","Bacterial 70S ribosome"
"medrysone","Glucocorticoid receptor agonist","Glucocorticoid receptor"
"mefloquine","Ferriprotoporphyrin IX inhibitor","Ferriprotoporphyrin IX"
"megestrol","Progesterone receptor agonist","Progesterone receptor"
"memantine","Glutamate [NMDA] receptor negative allosteric modulator","Glutamate [NMDA] receptor"
"mephentermine","Adrenergic receptor agonist","Adrenergic receptor"
"mephenytoin","Sodium channel alpha subunit blocker","Sodium channel alpha subunit"
"mercaptopurine","DNA inhibitor","DNA"
"mercaptopurine","Amidophosphoribosyltransferase inhibitor","Amidophosphoribosyltransferase"
"meropenem","Bacterial penicillin-binding protein inhibitor","Bacterial penicillin-binding protein"
"mesoridazine","Dopamine D2 receptor antagonist","Dopamine D2 receptor"
"mesoridazine","Serotonin 2a (5-HT2a) receptor antagonist","Serotonin 2a (5-HT2a) receptor"
"mestranol","Estrogen receptor alpha agonist","Estrogen receptor alpha"
"metaraminol","Adrenergic receptor alpha-1 agonist","Adrenergic receptor alpha-1"
"metformin","Mitochondrial glycerol-3-phosphate dehydrogenase inhibitor","Mitochondrial glycerol-3-phosphate dehydrogenase"
"metformin","Mitochondrial complex I (NADH dehydrogenase) inhibitor","Mitochondrial complex I (NADH dehydrogenase)"
"methazolamide","Carbonic anhydrase VII inhibitor","Carbonic anhydrase VII"
"methazolamide","Carbonic anhydrase II inhibitor","Carbonic anhydrase II"
"methazolamide","Carbonic anhydrase I inhibitor","Carbonic anhydrase I"
"methazolamide","Carbonic anhydrase IV inhibitor","Carbonic anhydrase IV"
"methocarbamol","Carbonic anhydrase I inhibitor","Carbonic anhydrase I"
"methotrexate","Dihydrofolate reductase inhibitor","Dihydrofolate reductase"
"methoxamine","Adrenergic receptor alpha-1 agonist","Adrenergic receptor alpha-1"
"methoxsalen","DNA inhibitor","DNA"
"methyldopa","Adrenergic receptor alpha-2 agonist","Adrenergic receptor alpha-2"
"methyldopate","Adrenergic receptor alpha-2 agonist","Adrenergic receptor alpha-2"
"methylprednisolone","Glucocorticoid receptor agonist","Glucocorticoid receptor"
"metoclopramide","Dopamine D2 receptor antagonist","Dopamine D2 receptor"
"metoclopramide","Serotonin 4 (5-HT4) receptor agonist","Serotonin 4 (5-HT4) receptor"
"metoclopramide","Serotonin 3a (5-HT3a) receptor antagonist","Serotonin 3a (5-HT3a) receptor"
"metolazone","Thiazide-sensitive sodium-chloride cotransporter inhibitor","Thiazide-sensitive sodium-chloride cotransporter"
"metoprolol","Beta-1 adrenergic receptor antagonist","Beta-1 adrenergic receptor"
"metronidazole","DNA inhibitor","DNA"
"mexiletine","Sodium channel alpha subunit blocker","Sodium channel alpha subunit"
"miconazole","Cytochrome P450 51 inhibitor","Cytochrome P450 51"
"midodrine","Adrenergic receptor alpha-1 agonist","Adrenergic receptor alpha-1"
"mifepristone","Progesterone receptor antagonist","Progesterone receptor"
"mifepristone","Glucocorticoid receptor antagonist","Glucocorticoid receptor"
"milrinone","Phosphodiesterase 3A inhibitor","Phosphodiesterase 3A"
"minocycline","Bacterial 70S ribosome inhibitor","Bacterial 70S ribosome"
"minoxidil","Sulfonylurea receptor 2, Kir6.2 opener","Sulfonylurea receptor 2, Kir6.2"
"mitoxantrone","DNA inhibitor","DNA"
"mitoxantrone","DNA topoisomerase II alpha inhibitor","DNA topoisomerase II alpha"
"molindone","Serotonin 2a (5-HT2a) receptor antagonist","Serotonin 2a (5-HT2a) receptor"
"molindone","Dopamine D2 receptor antagonist","Dopamine D2 receptor"
"mometasone","Glucocorticoid receptor agonist","Glucocorticoid receptor"
"monobenzone","Tyrosinase inhibitor","Tyrosinase"
"nabumetone","Cyclooxygenase-2 inhibitor","Cyclooxygenase-2"
"nadolol","Beta-2 adrenergic receptor antagonist","Beta-2 adrenergic receptor"
"nadolol","Beta-1 adrenergic receptor antagonist","Beta-1 adrenergic receptor"
"nafcillin","Penicillin-binding protein inhibitor","Penicillin-binding protein"
"naftifine","Squalene monooxygenase inhibitor","Squalene monooxygenase"
"nalbuphine","Opioid receptors; mu/kappa/delta agonist","Opioid receptors; mu/kappa/delta"
"naloxone","Opioid receptors; mu/kappa/delta antagonist","Opioid receptors; mu/kappa/delta"
"naltrexone","Opioid receptors; mu/kappa/delta antagonist","Opioid receptors; mu/kappa/delta"
"naphazoline","Adrenergic receptor alpha agonist","Adrenergic receptor alpha"
"naproxen","Cyclooxygenase inhibitor","Cyclooxygenase"
"natamycin","Ergosterol sequestering agent","Ergosterol"
"neomycin","Bacterial 70S ribosome inhibitor","Bacterial 70S ribosome"
"netilmicin","Bacterial 70S ribosome inhibitor","Bacterial 70S ribosome"
"nicardipine","Voltage-gated L-type calcium channel blocker","Voltage-gated L-type calcium channel"
"niclosamide","DNA inhibitor","DNA"
"nifedipine","Voltage-gated L-type calcium channel blocker","Voltage-gated L-type calcium channel"
"nilutamide","Androgen Receptor antagonist","Androgen Receptor"
"nimodipine","Mineralocorticoid receptor antagonist","Mineralocorticoid receptor"
"nimodipine","Voltage-gated L-type calcium channel blocker","Voltage-gated L-type calcium channel"
"nitrofurantoin","DNA inhibitor","DNA"
"nizatidine","Histamine H2 receptor antagonist","Histamine H2 receptor"
"norfloxacin","Bacterial DNA gyrase inhibitor","Bacterial DNA gyrase"
"norfloxacin","Topoisomerase IV inhibitor","Topoisomerase IV"
"nortriptyline","Serotonin transporter inhibitor","Serotonin transporter"
"nortriptyline","Norepinephrine transporter inhibitor","Norepinephrine transporter"
"novobiocin","DNA gyrase inhibitor","DNA gyrase"
"nystatin","Ergosterol sequestering agent","Ergosterol"
"ofloxacin","Bacterial DNA gyrase inhibitor","Bacterial DNA gyrase"
"omeprazole","Potassium-transporting ATPase inhibitor","Potassium-transporting ATPase"
"ondansetron","Serotonin 3a (5-HT3a) receptor antagonist","Serotonin 3a (5-HT3a) receptor"
"orlistat","Gastric lipase inhibitor","Gastric lipase"
"orlistat","Pancreatic lipase inhibitor","Pancreatic lipase"
"orphenadrine","Histamine H1 receptor antagonist","Histamine H1 receptor"
"orphenadrine","Sodium channel alpha subunit blocker","Sodium channel alpha subunit"
"orphenadrine","Glutamate [NMDA] receptor antagonist","Glutamate [NMDA] receptor"
"orphenadrine","Norepinephrine transporter inhibitor","Norepinephrine transporter"
"oxamniquine","DNA inhibitor","DNA"
"oxaprozin","Cyclooxygenase inhibitor","Cyclooxygenase"
"oxprenolol","Beta-2 adrenergic receptor antagonist","Beta-2 adrenergic receptor"
"oxprenolol","Beta-1 adrenergic receptor antagonist","Beta-1 adrenergic receptor"
"oxybutynin","Muscarinic acetylcholine receptor M2 antagonist","Muscarinic acetylcholine receptor M2"
"oxybutynin","Muscarinic acetylcholine receptor M3 antagonist","Muscarinic acetylcholine receptor M3"
"oxymetazoline","Adrenergic receptor alpha agonist","Adrenergic receptor alpha"
"oxyphenbutazone","Cyclooxygenase inhibitor","Cyclooxygenase"
"oxytetracycline","Bacterial 70S ribosome inhibitor","Bacterial 70S ribosome"
"paclitaxel","Tubulin stabiliser","Tubulin"
"paclitaxel","Tubulin inhibitor","Tubulin"
"pargyline","Monoamine oxidase inhibitor","Monoamine oxidase"
"paromomycin","Bacterial 70S ribosome inhibitor","Bacterial 70S ribosome"
"paroxetine","Serotonin transporter inhibitor","Serotonin transporter"
"penbutolol","Beta-2 adrenergic receptor antagonist","Beta-2 adrenergic receptor"
"penbutolol","Beta-1 adrenergic receptor antagonist","Beta-1 adrenergic receptor"
"pentamidine","DNA inhibitor","DNA"
"pentamidine","Kinetoplast DNA inhibitor","Kinetoplast DNA"
"pentoxifylline","Adenosine A2 receptor antagonist","Adenosine A2 receptor"
"pentoxifylline","3',5'-cyclic phosphodiesterase inhibitor","3',5'-cyclic phosphodiesterase"
"pergolide","Dopamine receptor agonist","Dopamine receptor"
"perphenazine","Dopamine D2 receptor antagonist","Dopamine D2 receptor"
"phenazopyridine","Sodium channel alpha subunit blocker","Sodium channel alpha subunit"
"phenelzine","Monoamine oxidase inhibitor","Monoamine oxidase"
"phenindione","Vitamin k epoxide reductase complex subunit 1 isoform 1 inhibitor","Vitamin k epoxide reductase complex subunit 1 isoform 1"
"pheniramine","Histamine H1 receptor antagonist","Histamine H1 receptor"
"phenoxybenzamine","Adrenergic receptor alpha antagonist","Adrenergic receptor alpha"
"phensuximide","Voltage-gated T-type calcium channel blocker","Voltage-gated T-type calcium channel"
"phentolamine","Adrenergic receptor alpha antagonist","Adrenergic receptor alpha"
"phenylpropanolamine","Alpha-1a adrenergic receptor agonist","Alpha-1a adrenergic receptor"
"phenylpropanolamine","Norepinephrine transporter releasing agent","Norepinephrine transporter"
"pilocarpine","Muscarinic acetylcholine receptor M1 agonist","Muscarinic acetylcholine receptor M1"
"pilocarpine","Muscarinic acetylcholine receptor M3 agonist","Muscarinic acetylcholine receptor M3"
"pimozide","Dopamine receptor antagonist","Dopamine receptor"
"pimozide","Serotonin 2a (5-HT2a) receptor antagonist","Serotonin 2a (5-HT2a) receptor"
"pinacidil","Sulfonylurea receptor 2, Kir6.2 opener","Sulfonylurea receptor 2, Kir6.2"
"pindolol","Beta-2 adrenergic receptor partial agonist","Beta-2 adrenergic receptor"
"pindolol","Beta-1 adrenergic receptor partial agonist","Beta-1 adrenergic receptor"
"pioglitazone","Peroxisome proliferator-activated receptor gamma agonist","Peroxisome proliferator-activated receptor gamma"
"piperacillin","Bacterial penicillin-binding protein inhibitor","Bacterial penicillin-binding protein"
"piroxicam","Cyclooxygenase inhibitor","Cyclooxygenase"
"pralidoxime","Acetylcholinesterase activator","Acetylcholinesterase"
"praziquantel","Voltage-activated calcium channel beta 1 subunit blocker","Voltage-activated calcium channel beta 1 subunit"
"praziquantel","Voltage-activated calcium channel beta 2 subunit blocker","Voltage-activated calcium channel beta 2 subunit"
"prazosin","Adrenergic receptor alpha-1 antagonist","Adrenergic receptor alpha-1"
"prednicarbate","Glucocorticoid receptor agonist","Glucocorticoid receptor"
"prednisolone","Glucocorticoid receptor agonist","Glucocorticoid receptor"
"prednisone","Glucocorticoid receptor agonist","Glucocorticoid receptor"
"prilocaine","Sodium channel alpha subunit blocker","Sodium channel alpha subunit"
"primidone","Sodium channel alpha subunit blocker","Sodium channel alpha subunit"
"primidone","GABA-A receptor; anion channel positive allosteric modulator","GABA-A receptor; anion channel"
"probenecid","Solute carrier family 22 member 11 inhibitor","Solute carrier family 22 member 11"
"probenecid","Solute carrier family 22 member 8 inhibitor","Solute carrier family 22 member 8"
"probenecid","Solute carrier family 22 member 6 inhibitor","Solute carrier family 22 member 6"
"probucol","ATP-binding cassette sub-family A member 1 inhibitor","ATP-binding cassette sub-family A member 1"
"procainamide","Sodium channel alpha subunit blocker","Sodium channel alpha subunit"
"procaine","Sodium channel alpha subunit blocker","Sodium channel alpha subunit"
"procarbazine","DNA inhibitor","DNA"
"prochlorperazine","Dopamine D2 receptor antagonist","Dopamine D2 receptor"
"procyclidine","Muscarinic acetylcholine receptor M1 antagonist","Muscarinic acetylcholine receptor M1"
"progesterone","Progesterone receptor agonist","Progesterone receptor"
"promazine","D2-like dopamine receptor antagonist","D2-like dopamine receptor"
"promazine","Serotonin 2a (5-HT2a) receptor antagonist","Serotonin 2a (5-HT2a) receptor"
"promethazine","Histamine H1 receptor antagonist","Histamine H1 receptor"
"propafenone","Beta-2 adrenergic receptor antagonist","Beta-2 adrenergic receptor"
"propafenone","Sodium channel alpha subunit blocker","Sodium channel alpha subunit"
"propafenone","Beta-1 adrenergic receptor antagonist","Beta-1 adrenergic receptor"
"propofol","GABA-A receptor; anion channel positive allosteric modulator","GABA-A receptor; anion channel"
"propoxycaine","Sodium channel alpha subunit blocker","Sodium channel alpha subunit"
"propranolol","Beta-1 adrenergic receptor antagonist","Beta-1 adrenergic receptor"
"propranolol","Beta-2 adrenergic receptor antagonist","Beta-2 adrenergic receptor"
"propylthiouracil","Thyroid peroxidase inhibitor","Thyroid peroxidase"
"propylthiouracil","Type I iodothyronine deiodinase (Type-I 5&apos;deiodinase) (DIOI) (Type 1 DI) (5DI) inhibitor","Type I iodothyronine deiodinase (Type-I 5'-deiodinase) (DIOI) (Type 1 DI) (5DI)"
"protriptyline","Serotonin transporter inhibitor","Serotonin transporter"
"protriptyline","Norepinephrine transporter inhibitor","Norepinephrine transporter"
"pyrazinamide","Fatty acid synthase inhibitor","Fatty acid synthase"
"pyrazinamide","70S ribosome inhibitor","70S ribosome"
"pyrimethamine","Dihydrofolate reductase inhibitor","Dihydrofolate reductase"
"quinethazone","Thiazide-sensitive sodium-chloride cotransporter inhibitor","Thiazide-sensitive sodium-chloride cotransporter"
"quinidine","Sodium channel alpha subunit blocker","Sodium channel alpha subunit"
"raloxifene","Estrogen receptor beta modulator","Estrogen receptor beta"
"ramipril","Angiotensin-converting enzyme inhibitor","Angiotensin-converting enzyme"
"ranitidine","Histamine H2 receptor antagonist","Histamine H2 receptor"
"repaglinide","Sulfonylurea receptor 1, Kir6.2 blocker","Sulfonylurea receptor 1, Kir6.2"
"rescinnamine","Synaptic vesicular amine transporter inhibitor","Synaptic vesicular amine transporter"
"reserpine","Synaptic vesicular amine transporter inhibitor","Synaptic vesicular amine transporter"
"ribavirin","Hepatitis C virus NS5B RNA-dependent RNA polymerase inhibitor","Hepatitis C virus NS5B RNA-dependent RNA polymerase"
"ribavirin","RNA inhibitor","RNA"
"ribavirin","Inosine-5'-monophosphate dehydrogenase 1 inhibitor","Inosine-5'-monophosphate dehydrogenase 1"
"rifabutin","Bacterial DNA-directed RNA polymerase inhibitor","Bacterial DNA-directed RNA polymerase"
"rifampicin","Bacterial DNA-directed RNA polymerase inhibitor","Bacterial DNA-directed RNA polymerase"
"riluzole","Sodium channel alpha subunit blocker","Sodium channel alpha subunit"
"rimexolone","Glucocorticoid receptor agonist","Glucocorticoid receptor"
"risperidone","Dopamine D2 receptor antagonist","Dopamine D2 receptor"
"risperidone","Serotonin 2a (5-HT2a) receptor antagonist","Serotonin 2a (5-HT2a) receptor"
"risperidone","Serotonin 2c (5-HT2c) receptor antagonist","Serotonin 2c (5-HT2c) receptor"
"ritodrine","Beta-2 adrenergic receptor agonist","Beta-2 adrenergic receptor"
"rofecoxib","Cyclooxygenase-2 inhibitor","Cyclooxygenase-2"
"rosiglitazone","Peroxisome proliferator-activated receptor gamma agonist","Peroxisome proliferator-activated receptor gamma"
"saquinavir","Human immunodeficiency virus type 1 protease inhibitor","Human immunodeficiency virus type 1 protease"
"scopolamine","Muscarinic acetylcholine receptor M1 antagonist","Muscarinic acetylcholine receptor M1"
"selegiline","Monoamine oxidase B inhibitor","Monoamine oxidase B"
"sertaconazole","Cytochrome P450 51 inhibitor","Cytochrome P450 51"
"simvastatin","HMG-CoA reductase inhibitor","HMG-CoA reductase"
"sirolimus","FK506-binding protein 1A inhibitor","FK506-binding protein 1A"
"sotalol","Beta-1 adrenergic receptor antagonist","Beta-1 adrenergic receptor"
"sotalol","Beta-2 adrenergic receptor antagonist","Beta-2 adrenergic receptor"
"sotalol","HERG blocker","HERG"
"spectinomycin","Bacterial 70S ribosome inhibitor","Bacterial 70S ribosome"
"spironolactone","Mineralocorticoid receptor antagonist","Mineralocorticoid receptor"
"staurosporine","Cyclin-dependent kinase 4 inhibitor","Cyclin-dependent kinase 4"
"staurosporine","3-phosphoinositide dependent protein kinase-1 inhibitor","3-phosphoinositide dependent protein kinase-1"
"staurosporine","Cyclin-dependent kinase 6 inhibitor","Cyclin-dependent kinase 6"
"staurosporine","Protein kinase C (PKC) inhibitor","Protein kinase C (PKC)"
"staurosporine","Cyclin-dependent kinase 2 inhibitor","Cyclin-dependent kinase 2"
"staurosporine","Serine/threonine-protein kinase Chk1 inhibitor","Serine/threonine-protein kinase Chk1"
"streptomycin","Bacterial 70S ribosome inhibitor","Bacterial 70S ribosome"
"sulconazole","Cytochrome P450 51 inhibitor","Cytochrome P450 51"
"sulfacetamide","Bacterial dihydropteroate synthase inhibitor","Bacterial dihydropteroate synthase"
"sulfadiazine","Bacterial dihydropteroate synthase inhibitor","Bacterial dihydropteroate synthase"
"sulfadoxine","Dihydropteroate synthetase inhibitor","Dihydropteroate synthetase"
"sulfamerazine","Bacterial dihydropteroate synthase inhibitor","Bacterial dihydropteroate synthase"
"sulfamethizole","Bacterial dihydropteroate synthase inhibitor","Bacterial dihydropteroate synthase"
"sulfamethoxazole","Bacterial dihydropteroate synthase inhibitor","Bacterial dihydropteroate synthase"
"sulfanilamide","Bacterial dihydropteroate synthase inhibitor","Bacterial dihydropteroate synthase"
"sulfaphenazole","Bacterial dihydropteroate synthase inhibitor","Bacterial dihydropteroate synthase"
"sulfapyridine","Bacterial dihydropteroate synthase inhibitor","Bacterial dihydropteroate synthase"
"sulfasalazine","Cyclooxygenase inhibitor","Cyclooxygenase"
"sulfasalazine","Arachidonate 5-lipoxygenase inhibitor","Arachidonate 5-lipoxygenase"
"sulfathiazole","Bacterial dihydropteroate synthase inhibitor","Bacterial dihydropteroate synthase"
"sulfinpyrazone","Solute carrier family 22 member 12 inhibitor","Solute carrier family 22 member 12"
"sulindac","Cyclooxygenase inhibitor","Cyclooxygenase"
"suprofen","Cyclooxygenase inhibitor","Cyclooxygenase"
"tacrine","Cholinesterases; ACHE & BCHE inhibitor","Cholinesterases; ACHE & BCHE"
"tacrolimus","FK506-binding protein 1A inhibitor","FK506-binding protein 1A"
"tamoxifen","Estrogen receptor alpha modulator","Estrogen receptor alpha"
"tanespimycin","Heat shock protein HSP90 inhibitor","Heat shock protein HSP90"
"terazosin","Adrenergic receptor alpha-1 antagonist","Adrenergic receptor alpha-1"
"terbutaline","Beta-2 adrenergic receptor agonist","Beta-2 adrenergic receptor"
"terconazole","Cytochrome P450 51 inhibitor","Cytochrome P450 51"
"testosterone","Androgen Receptor agonist","Androgen Receptor"
"tetracaine","Sodium channel alpha subunit blocker","Sodium channel alpha subunit"
"tetracycline","Bacterial 70S ribosome inhibitor","Bacterial 70S ribosome"
"thalidomide","CRL4(CRBN) E3 ubiquitin ligase inhibitor","CRL4(CRBN) E3 ubiquitin ligase"
"theophylline","Phosphodiesterase 3 inhibitor","Phosphodiesterase 3"
"theophylline","Adenosine receptor antagonist","Adenosine receptor"
"theophylline","Phosphodiesterase 4 inhibitor","Phosphodiesterase 4"
"thiethylperazine","Dopamine D2 receptor antagonist","Dopamine D2 receptor"
"thioridazine","D2-like dopamine receptor antagonist","D2-like dopamine receptor"
"thioridazine","Serotonin 2c (5-HT2c) receptor antagonist","Serotonin 2c (5-HT2c) receptor"
"thioridazine","Serotonin 2a (5-HT2a) receptor antagonist","Serotonin 2a (5-HT2a) receptor"
"ticarcillin","Bacterial penicillin-binding protein inhibitor","Bacterial penicillin-binding protein"
"ticlopidine","Purinergic receptor P2Y12 antagonist","Purinergic receptor P2Y12"
"timolol","Beta-1 adrenergic receptor antagonist","Beta-1 adrenergic receptor"
"timolol","Beta-2 adrenergic receptor antagonist","Beta-2 adrenergic receptor"
"tinidazole","DNA inhibitor","DNA"
"tobramycin","70S ribosome inhibitor","70S ribosome"
"tocainide","Sodium channel alpha subunit blocker","Sodium channel alpha subunit"
"tolazamide","Sulfonylurea receptor 1, Kir6.2 blocker","Sulfonylurea receptor 1, Kir6.2"
"tolazoline","Adrenergic receptor alpha antagonist","Adrenergic receptor alpha"
"tolazoline","Histamine H1 receptor agonist","Histamine H1 receptor"
"tolazoline","Histamine H2 receptor agonist","Histamine H2 receptor"
"tolbutamide","Sulfonylurea receptor 1, Kir6.2 blocker","Sulfonylurea receptor 1, Kir6.2"
"tolmetin","Cyclooxygenase inhibitor","Cyclooxygenase"
"topiramate","Glutamate receptor ionotropic AMPA antagonist","Glutamate receptor ionotropic AMPA"
"topiramate","GABA-A receptor; anion channel positive modulator","GABA-A receptor; anion channel"
"topiramate","Carbonic anhydrase IV inhibitor","Carbonic anhydrase IV"
"topiramate","Carbonic anhydrase II inhibitor","Carbonic anhydrase II"
"topiramate","Glutamate receptor ionotropic kainate antagonist","Glutamate receptor ionotropic kainate"
"topiramate","Sodium channel alpha subunit blocker","Sodium channel alpha subunit"
"tranylcypromine","Monoamine oxidase inhibitor","Monoamine oxidase"
"trazodone","Serotonin 2c (5-HT2c) receptor antagonist","Serotonin 2c (5-HT2c) receptor"
"trazodone","Serotonin 2a (5-HT2a) receptor antagonist","Serotonin 2a (5-HT2a) receptor"
"trazodone","Serotonin transporter inhibitor","Serotonin transporter"
"tretinoin","Retinoic acid receptor agonist","Retinoic acid receptor"
"triamcinolone","Glucocorticoid receptor agonist","Glucocorticoid receptor"
"triamterene","Amiloride-sensitive sodium channel, ENaC blocker","Amiloride-sensitive sodium channel, ENaC"
"trichlormethiazide","Thiazide-sensitive sodium-chloride cotransporter inhibitor","Thiazide-sensitive sodium-chloride cotransporter"
"tridihexethyl","Muscarinic acetylcholine receptor M3 antagonist","Muscarinic acetylcholine receptor M3"
"tridihexethyl","Muscarinic acetylcholine receptor M1 antagonist","Muscarinic acetylcholine receptor M1"
"trifluoperazine","Serotonin 2a (5-HT2a) receptor antagonist","Serotonin 2a (5-HT2a) receptor"
"trifluoperazine","Serotonin 2c (5-HT2c) receptor antagonist","Serotonin 2c (5-HT2c) receptor"
"trifluoperazine","D2-like dopamine receptor antagonist","D2-like dopamine receptor"
"triflupromazine","Dopamine D2 receptor antagonist","Dopamine D2 receptor"
"trifluridine","DNA inhibitor","DNA"
"trihexyphenidyl","Muscarinic acetylcholine receptor M1 antagonist","Muscarinic acetylcholine receptor M1"
"trimethadione","Voltage-gated T-type calcium channel blocker","Voltage-gated T-type calcium channel"
"trimethoprim","Bacterial dihydrofolate reductase inhibitor","Bacterial dihydrofolate reductase"
"trimipramine","Norepinephrine transporter inhibitor","Norepinephrine transporter"
"trimipramine","Histamine H1 receptor antagonist","Histamine H1 receptor"
"trimipramine","Dopamine D2 receptor antagonist","Dopamine D2 receptor"
"trimipramine","Serotonin 2c (5-HT2c) receptor antagonist","Serotonin 2c (5-HT2c) receptor"
"trimipramine","Adrenergic receptor alpha-1 antagonist","Adrenergic receptor alpha-1"
"trimipramine","Serotonin 2a (5-HT2a) receptor antagonist","Serotonin 2a (5-HT2a) receptor"
"triprolidine","Histamine H1 receptor antagonist","Histamine H1 receptor"
"troglitazone","Peroxisome proliferator-activated receptor gamma agonist","Peroxisome proliferator-activated receptor gamma"
"troleandomycin","70S ribosome inhibitor","70S ribosome"
"tropicamide","Muscarinic acetylcholine receptor M3 antagonist","Muscarinic acetylcholine receptor M3"
"valdecoxib","Cyclooxygenase-2 inhibitor","Cyclooxygenase-2"
"vancomycin","Peptidoglycan inhibitor","Peptidoglycan"
"verapamil","Voltage-gated L-type calcium channel blocker","Voltage-gated L-type calcium channel"
"verteporfin","DNA inhibitor","DNA"
"vidarabine","Human herpesvirus 1 DNA polymerase inhibitor","Human herpesvirus 1 DNA polymerase"
"vigabatrin","Gamma-amino-N-butyrate transaminase inhibitor","Gamma-amino-N-butyrate transaminase"
"vinblastine","Tubulin inhibitor","Tubulin"
"viomycin","70S ribosome inhibitor","70S ribosome"
"vorinostat","Histone deacetylase 6 inhibitor","Histone deacetylase 6"
"vorinostat","Histone deacetylase 1 inhibitor","Histone deacetylase 1"
"vorinostat","Histone deacetylase 2 inhibitor","Histone deacetylase 2"
"vorinostat","Histone deacetylase 3 inhibitor","Histone deacetylase 3"
"zalcitabine","Human immunodeficiency virus type 1 reverse transcriptase inhibitor","Human immunodeficiency virus type 1 reverse transcriptase"
"zidovudine","Human immunodeficiency virus type 1 reverse transcriptase inhibitor","Human immunodeficiency virus type 1 reverse transcriptase"
